<?xml version="1.0" encoding="utf-8" ?>
<parameters >

  <parameter name="New eSession Default connString" description="New eSession Default connString" defaultValue="" tags="Hidden, SQLConnectionString, NoStore">
    <parameterEntry kind="TextFile" scope="appsettings.json" match="default_placeholder" />
  </parameter>
  <parameter name="New eSession SignalR connString" description="New eSession SignalR connString" defaultValue="" tags="Hidden, SQLConnectionString, NoStore">
    <parameterEntry kind="TextFile" scope="appsettings.json" match="signalr_placeholder" />
  </parameter>
  <parameter name="New eSession App hostname" description="New eSession App hostname" defaultValue="" tags="Hidden, NoStore">
    <parameterEntry kind="TextFile" scope="appsettings.json" match="esessionapp_placeholder" />
  </parameter>
  <parameter name="New eSession Core hostname" description="New eSession Core hostname" defaultValue="" tags="Hidden, NoStore">
    <parameterEntry kind="TextFile" scope="appsettings.json" match="esessioncore_placeholder" />
  </parameter>
  <parameter name="New eSession Rest hostname" description="New eSession Rest hostname" defaultValue="esession-rest" tags="Hidden, NoStore">
    <parameterEntry kind="TextFile" scope="appsettings.json" match="esessionrest_placeholder" />
  </parameter>
  <parameter name="New eSession User hostname" description="New eSession User hostname" defaultValue="" tags="Hidden, NoStore">
    <parameterEntry kind="TextFile" scope="appsettings.json" match="esessionuser_placeholder" />
  </parameter>
  <parameter name="New eSession Rendition hostname" description="New eSession Rendition hostname" defaultValue="esession-rest" tags="Hidden, NoStore">
    <parameterEntry kind="TextFile" scope="appsettings.json" match="esessionrendition_placeholder" />
  </parameter>

  <parameter name="eSession Admin Connection String" description="Connection string to Import the Dacpac for eSession Database" tags="Hidden, SQLConnectionString, NoStore">
    <parameterEntry kind="ProviderPath" scope="dbDacFx" match="DemoeSession.dacpac" />
  </parameter>
  <parameter name="SignalR Admin Connection String" description="Connection string to Import the Dacpac for SignalR Database" tags="Hidden, SQLConnectionString, NoStore">
    <parameterEntry kind="ProviderPath" scope="dbDacFx" match="DemoeSession_SignalR.dacpac" />
  </parameter>
  <parameter name="Application Path" description="Full site path where you would like to install your application (i.e., Default Web Site/Content)" defaultValue="Default Web Site/Content" tags="iisapp">
    <parameterEntry kind="ProviderPath" scope="iisapp" match="WebSite" />
  </parameter>
  
 </parameters>