{
    "$schema": "https://schema.management.azure.com/schemas/0.1.2-preview/CreateUIDefinition.MultiVm.json#",
    "handler": "Microsoft.Azure.CreateUIDef",
    "version": "0.1.2-preview",
    "parameters": {
      "basics": [
        {
          "name": "sqlServerAdministratorUsername",
          "type": "Microsoft.Compute.UserNameTextBox",
          "label": "SQL Server Admin Username",
          "toolTip": "Admin username to connect to SQL Server and Databases",
          "osPlatform": "Windows",
          "defaultValue": "esessiondbadmin",
          "constraints": {
              "required": true
          }
      },
      {
          "name": "sqlServerAdministratorPassword",
          "type": "Microsoft.Compute.CredentialsCombo",
          "osPlatform": "Windows",
          "defaultValue": "P@ssw0rd",
          "label": {
              "password": "Admin Password",
              "confirmPassword": "Repeat Admin Password"
          },
          "toolTip": {
              "password": "Password for SQL Admin user"
          },
          "constraints": {
              "required": true
          }
      },
      {
          "name": "locationLinux",
          "type": "Microsoft.Common.TextBox",
          "osPlatform": "Windows",
          "defaultValue": "germanywestcentral",
          "label": "Location for Linux web apps.",
          "toolTip": "Location for App Service plan which will host a Linux web apps.",
          "constraints": {
              "required": true
          }
      },
      {
          "name": "location",
          "type": "Microsoft.Common.TextBox",
          "osPlatform": "Windows",
          "defaultValue": "[location()]",
          "label": "Location for Windows web apps and databases.",
          "toolTip": "Location for App Service plan which will host a Windows web apps and SQL Databases.",
          "constraints": {
              "required": true
          }
      }
      ],
      "steps": [],
      "outputs": {
        "sqlServerAdministratorUsername": "[basics.sqlServerAdministratorUsername]",
        "sqlServerAdministratorPassword": "[basics.sqlServerAdministratorPassword.password]",
        "locationLinux": "[basics.locationLinux]",
        "location": "[basics.location]"
      }
    }
  }