<?xml version="1.0"?>
<doc>
    <assembly>
        <name>eSession.core.WebAPI</name>
    </assembly>
    <members>
        <member name="M:eSession.core.WebAPI.Controllers.HomeController.Get">
            <summary>
            Check  if eSession Core API is alive.
            This method produces text which proves that API is running.
            </summary>
            <returns>Proof that eSession Core server is running</returns>
            <response code="200">Everything is fine.</response>
        </member>
    </members>
</doc>
