<?xml version="1.0" encoding="utf-8" ?>
<parameters >

  <parameter name="New eSession Rest hostname" description="New eSession Rest hostname" defaultValue="esession-rest" tags="">
    <parameterEntry kind="TextFile" scope="appsettings.json" match="esessionrest_placeholder" />
  </parameter>
  <parameter name="New eSession Rendition connString" description="New eSession Rendition connString" defaultValue="" tags="Hidden, SQLConnectionString, NoStore">
    <parameterEntry kind="TextFile" scope="appsettings.json" match="rendition_placeholder" />
  </parameter>
  <parameter name="New eSession DMS_queue connString" description="New eSession DMS_queue connString" defaultValue="" tags="Hidden, SQLConnectionString, NoStore">
    <parameterEntry kind="TextFile" scope="appsettings.json" match="dmsqueue_placeholder" />
  </parameter>
  
  <parameter name="New eSession FTPS Hostname" description="New eSession FTPS Hostname" defaultValue="" tags="Hidden, NoStore">
    <parameterEntry kind="TextFile" scope="appsettings.json" match="ftpshostname_placeholder" />
  </parameter>
  <parameter name="New eSession FTPS Username" description="New eSession FTPS Username" defaultValue="" tags="Hidden, NoStore">
    <parameterEntry kind="TextFile" scope="appsettings.json" match="ftpsusername_placeholder" />
  </parameter>
  <parameter name="New eSession FTPS Password" description="New eSession FTPS Password" defaultValue="" tags="Hidden, NoStore">
    <parameterEntry kind="TextFile" scope="appsettings.json" match="ftpspassword_placeholder" />
  </parameter>
  <parameter name="New eSession FTPS Domain" description="New eSession FTPS Domain" defaultValue="" tags="Hidden, NoStore">
    <parameterEntry kind="TextFile" scope="appsettings.json" match="ftpsdomain_placeholder" />
  </parameter>

  <parameter name="dms_queue Admin Connection String" description="Connection string to Import the Dacpac for eSession Database" tags="Hidden, SQLConnectionString, NoStore">
    <parameterEntry kind="ProviderPath" scope="dbDacFx" match="dms_queue.dacpac" />
  </parameter>
  <parameter name="DmsRenditions Admin Connection String" description="Connection string to Import the Dacpac for SignalR Database" tags="Hidden, SQLConnectionString, NoStore">
    <parameterEntry kind="ProviderPath" scope="dbDacFx" match="DmsRenditions.dacpac" />
  </parameter>
  <parameter name="Application Path" description="Full site path where you would like to install your application (i.e., Default Web Site/Content)" defaultValue="Default Web Site/Content" tags="iisapp">
    <parameterEntry kind="ProviderPath" scope="iisapp" match="WebSite" />
  </parameter>
  
 </parameters>