<?xml version="1.0" encoding="utf-8" ?>
<parameters >

  <parameter name="dms_queue Admin Connection String" description="Connection string to Import the Dacpac for eSession Database" tags="Hidden, SQLConnectionString, NoStore">
    <parameterEntry kind="ProviderPath" scope="dbDacFx" match="dms_queue.dacpac" />
  </parameter>
  <parameter name="DmsRenditions Admin Connection String" description="Connection string to Import the Dacpac for SignalR Database" tags="Hidden, SQLConnectionString, NoStore">
    <parameterEntry kind="ProviderPath" scope="dbDacFx" match="DmsRenditions.dacpac" />
  </parameter>
  <parameter name="Application Path" description="Full site path where you would like to install your application (i.e., Default Web Site/Content)" defaultValue="Default Web Site/Content" tags="iisapp">
    <parameterEntry kind="ProviderPath" scope="iisapp" match="WebSite" />
  </parameter>
  
 </parameters>